Display Name,User Principal Name,Monthly credit limit,Monthly credits used,User ID,Microsoft 365 Copilot license,Last activity date,Session Count,Agents and Services
Sloan Nguyen,user000001@example.com,400,458,u-fbe3969a54ce,Yes,2025-11-22,24,Cowork; Analyst
Sage King,user000002@example.com,350,516,u-7b2da3f99e40,Yes,2025-10-29,34,Cowork; Analyst
Riley Thompson,user000004@example.com,600,377,u-164c5dce8439,Yes,2025-11-22,20,Cowork; Work IQ
Morgan Anderson,user000005@example.com,500,652,u-1cdd559a7b49,Yes,2025-12-13,54,Cowork; Work IQ; Researcher
Finley Williams,user000006@example.com,350,562,u-9ee2abe77e0f,No,2026-01-14,33,Cowork; Work IQ; Researcher
Harper Thompson,user000007@example.com,350,411,u-18594cff2a44,Yes,2025-12-13,26,Cowork
Finley Chen,user000008@example.com,350,533,u-059cc400b514,Yes,2026-01-22,31,Cowork; Analyst
Jordan Nguyen,user000009@example.com,350,206,u-60f7bbbf2a7e,Yes,2025-12-12,11,Cowork; Analyst; Researcher
Casey Smith,user000011@example.com,600,610,u-c8f2c8bbdf4d,Yes,2025-12-17,34,Cowork
Jamie Smith,user000014@example.com,600,405,u-b2227f7ba53b,No,2025-12-20,31,Cowork; Researcher
Devon Smith,user000016@example.com,400,612,u-3fbad3281d56,Yes,2025-12-20,44,Cowork; Analyst
Phoenix Allen,user000017@example.com,600,254,u-fab25b202f9c,Yes,2026-01-20,13,Cowork; Analyst
Jordan Nguyen,user000018@example.com,350,560,u-0adad20a8e1e,Yes,2025-12-26,43,Cowork; Analyst
Taylor Thompson,user000019@example.com,500,218,u-dda0802e097c,Yes,2026-01-23,14,Cowork
Drew Anderson,user000020@example.com,500,405,u-54e3ea2eb603,Yes,2025-12-04,25,Cowork; Work IQ
Drew Williams,user000021@example.com,600,382,u-077aa2d4af69,Yes,2025-12-18,25,Cowork
Logan Garcia,user000022@example.com,400,550,u-48ee492e2989,Yes,2026-01-28,31,Cowork; Researcher
Casey Hall,user000023@example.com,450,460,u-7447ee0bc840,Yes,2025-12-04,29,Cowork
Kendall Thompson,user000025@example.com,350,342,u-972338360f56,Yes,2025-11-18,26,Cowork; Researcher
Skyler Nguyen,user000027@example.com,400,804,u-9418f1fc3f37,Yes,2026-01-02,50,Cowork; Work IQ; Researcher
Devon Wilson,user000028@example.com,400,371,u-666c22867421,Yes,2026-01-27,21,Cowork; Researcher
Logan Garcia,user000029@example.com,400,339,u-44d114315bc8,Yes,2025-11-19,24,Cowork; Analyst; Researcher
Logan Young,user000030@example.com,400,660,u-7ce41e47784e,Yes,2025-11-19,51,Cowork; Researcher
Morgan Chen,user000031@example.com,350,537,u-e72d39c47208,No,2026-01-08,32,Cowork; Analyst; Researcher
Harper Johnson,user000032@example.com,500,271,u-7419959a6d3e,Yes,2025-12-19,17,Cowork; Work IQ
Parker Davis,user000033@example.com,600,143,u-9d764e0fe778,Yes,2025-12-22,8,Cowork; Analyst
Skyler Smith,user000034@example.com,500,464,u-64f84e0272a5,No,2025-11-15,27,Cowork; Analyst; Researcher
Rowan King,user000036@example.com,600,344,u-654f9617e467,Yes,2025-12-02,20,Cowork; Researcher
Morgan Harris,user000037@example.com,400,336,u-62d92171ae49,Yes,2025-11-03,24,Cowork; Analyst
Cameron Williams,user000039@example.com,350,366,u-0d758e7a1ed7,Yes,2025-12-11,23,Cowork; Researcher
Avery Walker,user000040@example.com,350,218,u-c9a2761e1b0a,Yes,2025-12-03,14,Cowork; Analyst; Researcher
Logan Walker,user000042@example.com,350,267,u-507a719a1bf5,Yes,2025-11-18,17,Cowork; Analyst
Rowan King,user000043@example.com,450,379,u-cc1126d93066,Yes,2026-01-18,21,Cowork
Cameron Smith,user000044@example.com,500,551,u-37fc4491233f,Yes,2025-12-09,29,Cowork; Analyst
Skyler Garcia,user000045@example.com,450,475,u-82d7df28f1f8,Yes,2026-01-02,28,Cowork; Analyst
Reese Nguyen,user000046@example.com,500,551,u-fd1d523f3d08,Yes,2025-12-23,42,Cowork; Analyst
Casey Harris,user000048@example.com,450,359,u-1e6fe059daeb,Yes,2025-11-23,20,Cowork
Quinn Wright,user000049@example.com,600,693,u-d6ce53f97dbb,Yes,2025-11-17,46,Cowork; Work IQ; Researcher
Cameron Smith,user000050@example.com,450,674,u-d926f854f9b3,Yes,2026-01-13,45,Cowork; Work IQ; Researcher
Logan Moore,user000051@example.com,400,338,u-5d67b880b5a1,Yes,2026-01-23,28,Cowork
Skyler Hill,user000052@example.com,600,404,u-888a97409942,Yes,2025-11-08,29,Cowork; Work IQ; Researcher
Taylor Garcia,user000053@example.com,350,515,u-c10a8f7ee9fa,Yes,2025-12-11,32,Cowork; Analyst
Rowan King,user000055@example.com,500,253,u-aa0df70f31aa,Yes,2026-01-15,18,Cowork; Analyst
Harper Patel,user000058@example.com,450,323,u-56f85d2c7e75,No,2025-11-10,20,Cowork; Researcher
Cameron Miller,user000061@example.com,600,553,u-c0420408eedf,Yes,2025-11-10,43,Cowork
Skyler Hall,user000062@example.com,500,299,u-4f1df49e3929,Yes,2025-12-17,20,Cowork; Researcher
Jamie Thompson,user000064@example.com,350,305,u-76893d02f828,Yes,2025-11-20,23,Cowork; Work IQ
Sloan Garcia,user000065@example.com,600,233,u-de7ba8088542,Yes,2025-12-22,18,Cowork
Skyler Lee,user000066@example.com,500,403,u-0c4f6d7bff4f,Yes,2025-12-12,24,Cowork; Researcher
Blake Lee,user000067@example.com,600,562,u-5a802d0e1185,Yes,2025-10-30,35,Cowork
Riley Jones,user000068@example.com,450,449,u-cbeae3a2b65a,Yes,2025-12-13,37,Cowork
Harper Wright,user000069@example.com,450,356,u-616bb4832e8b,Yes,2025-12-07,30,Cowork
Sutton Taylor,user000070@example.com,500,362,u-5964d33f861d,No,2026-01-20,20,Cowork; Work IQ; Researcher
Devon Davis,user000071@example.com,400,301,u-f2747a8c86c2,Yes,2025-12-01,25,Cowork
Phoenix Brown,user000072@example.com,500,212,u-35d60e40a5fd,Yes,2025-11-05,13,Cowork; Work IQ; Researcher
Jamie Lee,user000073@example.com,600,340,u-fe28339c4ce4,No,2025-12-09,18,Cowork
Phoenix White,user000074@example.com,450,513,u-4f8514596daf,Yes,2025-11-10,32,Cowork
Avery Moore,user000076@example.com,350,386,u-016e39f6ef36,Yes,2025-11-21,24,Cowork; Analyst; Researcher
Marlowe Moore,user000077@example.com,500,376,u-e5a83fcb9259,Yes,2026-01-23,24,Cowork; Work IQ; Researcher
Logan Smith,user000080@example.com,450,672,u-656198fee014,Yes,2025-11-22,37,Cowork; Work IQ
Logan Nguyen,user000082@example.com,500,329,u-11e6505b1bc4,Yes,2025-11-24,27,Cowork; Work IQ
Avery Taylor,user000083@example.com,450,266,u-3159406dd5e2,Yes,2025-11-20,15,Cowork; Work IQ; Researcher
Riley Jones,user000085@example.com,600,418,u-865480a63af2,Yes,2026-01-25,26,Cowork; Work IQ
Sam Miller,user000086@example.com,600,491,u-b64eb2c1318a,Yes,2025-11-14,35,Cowork
Sam Anderson,user000087@example.com,600,399,u-15ead3f8500f,Yes,2026-01-09,31,Cowork
Quinn Thomas,user000088@example.com,400,458,u-69f77e42997e,Yes,2025-12-18,24,Cowork; Analyst; Researcher
Quinn Nguyen,user000089@example.com,400,196,u-06da53b5b5fb,Yes,2025-11-08,12,Cowork
Logan Smith,user000090@example.com,400,714,u-db46fc0f37c6,Yes,2025-11-10,38,Cowork; Researcher
Sloan Hall,user000091@example.com,450,209,u-d85094960244,Yes,2025-11-01,14,Cowork
Quinn Martin,user000092@example.com,450,372,u-3935d5e18f02,No,2025-12-30,22,Cowork; Researcher
Jamie Thomas,user000094@example.com,600,702,u-864aedcd7ec1,Yes,2025-12-17,50,Cowork; Researcher
Sage Harris,user000096@example.com,350,269,u-0541d7f0275d,Yes,2025-11-12,17,Cowork; Work IQ
Marlowe Martin,user000097@example.com,450,342,u-51a49644a439,Yes,2025-12-06,23,Cowork
Sloan Miller,user000099@example.com,600,641,u-1702883dd623,Yes,2026-01-02,46,Cowork; Researcher
Blake Davis,user000100@example.com,500,500,u-fb6bc1fa5053,Yes,2025-12-13,36,Cowork; Analyst
Riley Garcia,user000101@example.com,500,333,u-0b27cb930099,Yes,2025-11-10,18,Cowork
Devon Brown,user000102@example.com,450,476,u-467b019cb7cb,Yes,2025-11-24,32,Cowork; Work IQ; Researcher
Devon King,user000103@example.com,350,618,u-6189a57b3c08,Yes,2025-11-10,36,Cowork; Researcher
Phoenix King,user000104@example.com,350,417,u-93631ebe268a,Yes,2026-01-15,30,Cowork
Ellis Harris,user000105@example.com,600,556,u-0d940ce7587a,Yes,2026-01-11,35,Cowork; Work IQ
Kendall Wright,user000106@example.com,500,764,u-6aee249a1c76,Yes,2025-12-17,40,Cowork; Work IQ
Riley Walker,user000107@example.com,600,434,u-a720c37e7f8c,Yes,2025-12-11,26,Cowork; Researcher
Kendall Hall,user000109@example.com,450,411,u-6c1099807d35,Yes,2025-11-07,24,Cowork; Analyst
Blake Williams,user000110@example.com,400,640,u-52f20ac83e8e,Yes,2026-01-11,46,Cowork; Work IQ
Devon Moore,user000113@example.com,500,228,u-24df89e1ae3c,Yes,2025-11-19,14,Cowork
Emerson Thomas,user000114@example.com,600,437,u-fb8a00143046,Yes,2025-12-22,36,Cowork
Blake Young,user000115@example.com,400,655,u-23b19b710702,Yes,2025-12-22,47,Cowork; Analyst
Phoenix Williams,user000116@example.com,600,566,u-d39ce112e243,Yes,2025-12-09,30,Cowork
Cameron White,user000118@example.com,400,564,u-94119203cdcc,Yes,2025-11-04,33,Cowork
Devon Thomas,user000121@example.com,500,591,u-1421e50b57dd,Yes,2026-01-03,35,Cowork; Analyst
Ellis Williams,user000122@example.com,600,612,u-12beef44d206,Yes,2025-11-04,41,Cowork; Work IQ; Researcher
Kendall Smith,user000123@example.com,450,245,u-77df21917840,Yes,2025-12-14,14,Cowork
Morgan Williams,user000124@example.com,450,408,u-7608b04840da,Yes,2025-11-20,29,Cowork; Analyst
Marlowe Jones,user000125@example.com,350,551,u-a562c9c77e0f,Yes,2026-01-02,42,Cowork; Researcher
Morgan Miller,user000127@example.com,350,412,u-2c0e5d497998,Yes,2025-11-21,27,Cowork
Harper Hill,user000128@example.com,500,414,u-216e4c211826,Yes,2025-11-29,34,Cowork; Researcher
Quinn Davis,user000129@example.com,450,398,u-01d72e3b1e4c,Yes,2026-01-23,23,Cowork; Work IQ
Casey Jackson,user000130@example.com,600,285,u-ff4a81e51526,Yes,2025-12-28,22,Cowork
Kendall Lopez,user000131@example.com,600,615,u-ae627f39fa73,Yes,2025-12-12,32,Cowork
Hayden Smith,user000132@example.com,600,189,u-fd5841b9a9e3,Yes,2026-01-10,12,Cowork
Kendall Moore,user000133@example.com,600,474,u-546353d6d255,Yes,2025-12-12,40,Cowork
Harper Chen,user000136@example.com,350,199,u-ea4bc6844f0f,Yes,2025-10-29,10,Cowork
Logan Allen,user000138@example.com,400,288,u-a6168ee7f70a,Yes,2025-12-27,17,Cowork; Researcher
Cameron Lopez,user000139@example.com,350,430,u-3266f6a392a3,Yes,2025-12-20,36,Cowork; Analyst; Researcher
Devon Patel,user000141@example.com,350,280,u-6fd3e603847f,No,2025-12-19,19,Cowork; Researcher
Ellis Harris,user000142@example.com,600,355,u-48571d33792e,Yes,2025-12-02,19,Cowork
Ellis Smith,user000144@example.com,450,464,u-6a543e2ef750,Yes,2026-01-11,27,Cowork; Analyst; Researcher
Sloan Brown,user000147@example.com,600,534,u-d9c5cf8d0c42,Yes,2026-01-07,33,Cowork
Cameron Jackson,user000148@example.com,400,367,u-9898cfe3808e,Yes,2025-12-12,26,Cowork; Analyst; Researcher
Drew Jones,user000149@example.com,500,195,u-bf5bddb1f6ad,Yes,2025-12-21,16,Cowork; Researcher
Cameron Wright,user000151@example.com,350,426,u-cb0fc6d48b30,Yes,2026-01-20,24,Cowork
Finley Harris,user000152@example.com,500,397,u-934ebb6af465,Yes,2026-01-13,33,Cowork
Finley Young,user000153@example.com,500,448,u-aeea9e4498fa,No,2025-12-09,32,Cowork
Logan Thompson,user000154@example.com,450,627,u-e6a59a935bd6,Yes,2025-12-03,52,Cowork
Parker Young,user000155@example.com,600,575,u-74322d757dc6,Yes,2026-01-04,38,Cowork; Work IQ
Phoenix Patel,user000156@example.com,350,61,u-a10c86e14a74,Yes,2025-10-29,4,Cowork; Analyst
Taylor Jones,user000157@example.com,450,585,u-d684104332aa,Yes,2025-11-13,31,Cowork; Analyst; Researcher
Ellis Taylor,user000158@example.com,400,422,u-7e6e03895b58,Yes,2025-12-16,22,Cowork; Analyst
Avery Lopez,user000159@example.com,350,351,u-6c9e2bf431d6,Yes,2025-11-16,21,Cowork
Emerson Chen,user000160@example.com,400,272,u-e087db8d1e83,Yes,2025-12-07,19,Cowork; Analyst; Researcher
Quinn King,user000163@example.com,450,389,u-81cf54b10e9d,Yes,2025-11-13,28,Cowork; Work IQ; Researcher
Devon Smith,user000164@example.com,600,426,u-5b2857086219,Yes,2025-11-30,30,Cowork
Drew Garcia,user000166@example.com,500,312,u-849001b037ea,Yes,2025-12-16,18,Cowork; Work IQ; Researcher
Parker Chen,user000167@example.com,350,120,u-110fb439379f,Yes,2026-01-08,7,Cowork
Morgan Wright,user000169@example.com,350,379,u-8351795e35fb,Yes,2025-12-07,21,Cowork; Analyst
Phoenix Martin,user000170@example.com,400,359,u-f5d78383fe9d,Yes,2025-11-10,28,Cowork
Drew Garcia,user000171@example.com,350,222,u-2e03e1de2da3,Yes,2026-01-22,17,Cowork
Blake Wright,user000173@example.com,600,716,u-6f5acc13e6bb,Yes,2025-11-27,42,Cowork; Work IQ
Quinn Hill,user000174@example.com,500,592,u-a82bbebbde5c,Yes,2025-12-10,42,Cowork
Marlowe Johnson,user000175@example.com,400,424,u-ba93ed5b92c5,Yes,2025-11-24,30,Cowork
Rowan Anderson,user000176@example.com,350,725,u-6c519f765247,Yes,2026-01-03,48,Cowork
Devon Johnson,user000177@example.com,450,427,u-964b0ec27a42,No,2025-12-04,30,Cowork; Work IQ
Sloan Smith,user000180@example.com,500,569,u-99c8cd9dcb99,No,2025-12-13,47,Cowork
Morgan Wright,user000181@example.com,450,507,u-3a63cc7205c1,Yes,2025-11-10,34,Cowork
Quinn Chen,user000182@example.com,350,519,u-7473b9c91a2a,Yes,2025-12-10,43,Cowork
Finley Smith,user000184@example.com,600,300,u-d9af6ae77c5f,Yes,2026-01-27,16,Cowork; Analyst
Skyler Patel,user000185@example.com,350,459,u-7cef5828d0b4,Yes,2025-11-01,38,Cowork
Finley Thomas,user000186@example.com,500,489,u-25185e7fdef5,Yes,2025-11-21,29,Cowork; Work IQ
Casey Hall,user000187@example.com,450,509,u-a5c849941ade,Yes,2025-11-02,42,Cowork; Work IQ
Kendall Lee,user000188@example.com,450,406,u-dc0e28dcc421,Yes,2025-11-01,31,Cowork
Reese Taylor,user000190@example.com,400,380,u-3ed6c9ed4835,Yes,2026-01-10,24,Cowork
Quinn Chen,user000191@example.com,600,348,u-82d01b9d8647,Yes,2026-01-04,19,Cowork; Analyst; Researcher
Jordan Jones,user000192@example.com,450,250,u-adb8b8277265,Yes,2025-11-24,16,Cowork; Researcher
Reese Allen,user000193@example.com,500,558,u-c60cd0243409,Yes,2025-10-31,29,Cowork; Work IQ; Researcher
Rowan Wright,user000194@example.com,400,217,u-6de043f6f02e,Yes,2026-01-26,14,Cowork; Researcher
Sutton Lee,user000196@example.com,450,472,u-728c674f1487,Yes,2025-12-08,25,Cowork; Work IQ; Researcher
Finley Garcia,user000197@example.com,500,243,u-77e823100e37,Yes,2026-01-27,14,Cowork
Ellis Jackson,user000198@example.com,400,536,u-13dd226fd790,Yes,2025-12-03,32,Cowork
Rowan King,user000199@example.com,500,667,u-8d447e6887ec,Yes,2026-01-27,56,Cowork
Hayden Young,user000200@example.com,350,176,u-e2a36b18023c,Yes,2025-12-08,9,Cowork; Analyst
Marlowe Moore,user000202@example.com,600,248,u-bd60d4e55b0b,Yes,2025-12-17,18,Cowork; Work IQ; Researcher
Blake Chen,user000203@example.com,450,404,u-430a51b6a394,Yes,2025-12-08,31,Cowork; Work IQ; Researcher
Casey Harris,user000204@example.com,450,240,u-de712996d74f,Yes,2025-11-18,16,Cowork
Devon Lopez,user000205@example.com,400,254,u-15a312a46b89,Yes,2025-10-30,15,Cowork
Jamie Chen,user000207@example.com,400,667,u-6166519885d6,Yes,2026-01-10,51,Cowork; Work IQ
Finley Allen,user000208@example.com,450,149,u-42c432d155ed,Yes,2025-12-26,11,Cowork; Work IQ; Researcher
Emerson Allen,user000210@example.com,400,600,u-888264fe5fe8,Yes,2025-12-11,33,Cowork
Rowan Williams,user000211@example.com,350,705,u-6355542de016,No,2025-11-20,41,Cowork; Work IQ; Researcher
Blake Chen,user000212@example.com,350,350,u-6b5f74503681,Yes,2025-12-13,27,Cowork; Analyst; Researcher
Blake Moore,user000213@example.com,350,652,u-599c232a6ac5,Yes,2025-11-03,36,Cowork; Work IQ
Sutton White,user000214@example.com,500,199,u-b6bfc39bbaf4,Yes,2026-01-10,17,Cowork; Analyst; Researcher
Marlowe Miller,user000215@example.com,450,447,u-ebe91a546ac5,Yes,2025-11-19,24,Cowork; Analyst
Rowan Davis,user000216@example.com,450,453,u-0e1a7e58aa25,Yes,2026-01-25,38,Cowork; Researcher
Parker Martin,user000217@example.com,600,208,u-aa68fbbaa827,Yes,2025-12-16,13,Cowork; Analyst
Sloan Young,user000219@example.com,500,383,u-652a461bd3c0,Yes,2025-12-04,32,Cowork; Work IQ
Harper Patel,user000220@example.com,450,420,u-4bc8d68e994b,Yes,2025-12-01,25,Cowork
Phoenix Brown,user000223@example.com,400,777,u-58ee8fba7608,No,2025-11-17,46,Cowork
Marlowe Jackson,user000224@example.com,450,658,u-15dfe783bf68,Yes,2025-11-13,47,Cowork; Analyst
Sage Chen,user000225@example.com,450,685,u-d5649d6474d2,Yes,2025-12-14,57,Cowork; Analyst; Researcher
Sutton Walker,user000226@example.com,400,676,u-8981f630236d,Yes,2025-12-02,48,Cowork; Work IQ
Jamie Walker,user000228@example.com,500,222,u-9a30717c4202,Yes,2025-11-10,18,Cowork; Work IQ
Casey King,user000229@example.com,600,256,u-b791508b0462,Yes,2025-12-30,15,Cowork; Analyst; Researcher
Harper Anderson,user000230@example.com,450,529,u-09d596e5ae16,Yes,2025-12-09,38,Cowork; Work IQ; Researcher
Phoenix Martin,user000231@example.com,350,421,u-969610243118,Yes,2025-11-11,32,Cowork; Analyst; Researcher
Harper Wilson,user000233@example.com,350,358,u-f3eb736f1ce6,Yes,2025-12-08,24,Cowork; Researcher
Ellis Patel,user000235@example.com,600,98,u-b1bb00dbb8bd,Yes,2026-01-27,6,Cowork; Researcher
Sage Wright,user000236@example.com,600,251,u-fe9920512557,Yes,2025-10-31,16,Cowork
Finley Smith,user000237@example.com,450,234,u-b431caccb51c,Yes,2026-01-13,15,Cowork; Work IQ
Kendall Brown,user000240@example.com,350,392,u-f23b9d80095e,Yes,2026-01-03,28,Cowork
Parker Thompson,user000241@example.com,500,168,u-da5e3ae5f814,Yes,2025-12-03,9,Cowork
Sutton Lee,user000242@example.com,450,330,u-4b25183ae142,Yes,2025-12-22,28,Cowork; Work IQ
Reese Allen,user000243@example.com,400,516,u-1ffabeb77422,Yes,2025-11-24,43,Cowork; Researcher
Ellis Lee,user000244@example.com,600,446,u-26bb23950186,No,2025-12-09,26,Cowork
Skyler Anderson,user000245@example.com,350,537,u-186acf89488c,Yes,2026-01-18,36,Cowork
Alex Hall,user000247@example.com,350,596,u-c14ea07cb4bf,Yes,2025-11-09,43,Cowork
Logan Wright,user000250@example.com,350,263,u-c50895ed61b7,Yes,2026-01-21,19,Cowork; Work IQ; Researcher
Kendall Thomas,user000252@example.com,500,352,u-586b55bf6c3e,Yes,2025-11-08,27,Cowork
Kendall Chen,user000253@example.com,450,272,u-0e62aa6c98b8,Yes,2025-11-30,19,Cowork; Analyst
Phoenix Anderson,user000256@example.com,450,401,u-1dc81fbb3832,Yes,2025-12-27,31,Cowork; Work IQ
Reese Brown,user000257@example.com,500,343,u-e57e04e8a3a4,Yes,2026-01-21,23,Cowork; Work IQ; Researcher
Devon Chen,user000258@example.com,400,158,u-75b3b80c8070,Yes,2025-12-15,12,Cowork; Analyst; Researcher
Finley Wright,user000259@example.com,500,318,u-11b8649982b1,Yes,2025-12-31,24,Cowork; Analyst
Jamie Garcia,user000263@example.com,600,558,u-38922ed4f1ce,Yes,2025-12-31,35,Cowork; Work IQ
Sloan Hill,user000264@example.com,350,503,u-33049d12fd44,Yes,2025-12-15,36,Cowork
Casey Jones,user000266@example.com,500,467,u-a9cc82195e0d,Yes,2025-11-01,26,Cowork; Work IQ
Cameron Thomas,user000267@example.com,600,479,u-72693355d63f,Yes,2025-12-24,37,Cowork; Researcher
Sutton King,user000268@example.com,450,851,u-aa82239d0ba9,Yes,2025-12-29,65,Cowork; Analyst; Researcher
Morgan Chen,user000269@example.com,350,756,u-27f0cb20a657,Yes,2026-01-20,54,Cowork
Sutton Brown,user000270@example.com,450,570,u-3eb3fa4fc57c,Yes,2025-12-19,48,Cowork; Analyst; Researcher
Finley Thompson,user000271@example.com,400,543,u-a659bb68b159,Yes,2025-12-25,39,Cowork; Analyst
Quinn King,user000273@example.com,500,194,u-7a5c03b8b040,Yes,2025-12-18,12,Cowork; Researcher
Devon Nguyen,user000274@example.com,450,370,u-b22e94d2aa2d,Yes,2026-01-20,31,Cowork; Work IQ
Harper Smith,user000275@example.com,400,540,u-1e4ad2076e21,Yes,2025-12-04,36,Cowork; Analyst; Researcher
Jamie Jackson,user000276@example.com,600,241,u-aaec8fb74cc1,Yes,2025-10-29,17,Cowork; Analyst
Emerson Wilson,user000278@example.com,500,633,u-7ae280f779e2,Yes,2025-12-23,45,Cowork
Quinn Martin,user000279@example.com,350,172,u-b6fcf9d3d647,Yes,2026-01-22,14,Cowork; Researcher
Sloan Hill,user000280@example.com,400,77,u-ce791d7e91e4,Yes,2026-01-20,4,Cowork; Researcher
Alex Moore,user000283@example.com,450,548,u-3c4c7cc5b9d4,Yes,2026-01-16,29,Cowork; Work IQ
Sutton Hill,user000284@example.com,450,388,u-89ca7f362de2,Yes,2025-12-19,26,Cowork
Riley Miller,user000285@example.com,400,564,u-898ddfe1436b,Yes,2025-12-31,33,Cowork; Analyst; Researcher
Quinn Wright,user000286@example.com,350,457,u-d8ffc7105d62,Yes,2025-12-22,24,Cowork; Analyst; Researcher
Taylor Allen,user000287@example.com,450,633,u-12ac171e970a,Yes,2026-01-06,42,Cowork; Work IQ; Researcher
Finley Brown,user000288@example.com,600,740,u-f17e41828cb4,Yes,2025-10-29,41,Cowork; Researcher
Sutton Johnson,user000290@example.com,450,416,u-1dca19d42e38,Yes,2025-11-28,23,Cowork; Researcher
Taylor Walker,user000292@example.com,600,473,u-8a003aad4721,Yes,2025-11-11,32,Cowork; Analyst; Researcher
Rowan Davis,user000293@example.com,500,122,u-94eae93788e0,Yes,2026-01-19,9,Cowork
Ellis Wilson,user000296@example.com,350,688,u-85412ce18564,Yes,2025-11-22,38,Cowork
Avery Smith,user000297@example.com,350,593,u-f9497ea38d09,Yes,2026-01-26,42,Cowork; Analyst
Blake Allen,user000298@example.com,500,705,u-415563cded43,Yes,2025-11-10,44,Cowork; Analyst; Researcher
Morgan Young,user000299@example.com,450,752,u-8ee20ab45769,Yes,2025-11-04,42,Cowork
Jordan Nguyen,user000300@example.com,350,225,u-1e29b670f804,Yes,2025-11-06,12,Cowork; Work IQ
Reese Wright,user000302@example.com,350,321,u-4d20c88e8ae5,Yes,2025-12-16,19,Cowork; Work IQ
Drew White,user000303@example.com,350,535,u-ee0015d8c928,Yes,2025-11-21,41,Cowork; Analyst; Researcher
Ellis Lee,user000305@example.com,350,488,u-6d4ff9c85f37,Yes,2025-11-06,30,Cowork; Analyst; Researcher
Riley Patel,user000306@example.com,500,618,u-42b3feab0500,Yes,2025-11-30,52,Cowork; Work IQ
Logan Walker,user000307@example.com,400,669,u-56e69aa319dc,Yes,2025-11-16,35,Cowork; Analyst; Researcher
Devon Allen,user000311@example.com,450,363,u-65ec8004d4c0,Yes,2025-12-04,30,Cowork; Analyst
Drew Taylor,user000312@example.com,450,331,u-925a253610a7,Yes,2025-12-03,21,Cowork
Sloan Martin,user000315@example.com,450,357,u-933adb3344c4,Yes,2026-01-24,21,Cowork; Work IQ
Sage Thomas,user000316@example.com,450,588,u-c6975dd62059,Yes,2026-01-24,35,Cowork
Drew Allen,user000321@example.com,350,412,u-d3ed599c0ba0,Yes,2025-10-31,29,Cowork; Work IQ; Researcher
Marlowe Moore,user000322@example.com,600,161,u-4cfeaa48c7b0,Yes,2025-11-06,8,Cowork
Skyler Thompson,user000326@example.com,400,354,u-143fd6017105,Yes,2025-12-02,22,Cowork; Work IQ
Kendall Young,user000328@example.com,500,485,u-dd7c82da5090,Yes,2025-12-27,29,Cowork; Researcher
Drew Patel,user000329@example.com,500,379,u-b5f1b45d9b0d,Yes,2025-12-20,29,Cowork
Sam Davis,user000330@example.com,500,185,u-44444b6340f5,Yes,2026-01-20,10,Cowork; Analyst
Jordan Harris,user000334@example.com,400,739,u-fc05ba301c51,Yes,2025-12-19,46,Cowork; Analyst; Researcher
Hayden Thomas,user000335@example.com,400,257,u-9d3e0789cc78,Yes,2025-12-09,14,Cowork; Work IQ; Researcher
Parker Hall,user000337@example.com,600,357,u-374152641bd2,Yes,2025-11-14,24,Cowork; Work IQ
Cameron Young,user000339@example.com,350,385,u-443c726bb88b,Yes,2026-01-04,28,Cowork; Analyst; Researcher
Sloan Allen,user000341@example.com,450,580,u-2173b70a77dd,Yes,2026-01-17,48,Cowork; Analyst; Researcher
Reese Lee,user000343@example.com,500,504,u-b98522577a37,Yes,2026-01-24,27,Cowork; Work IQ
Sloan Nguyen,user000344@example.com,500,420,u-dc6cd51daaa8,Yes,2025-11-15,30,Cowork; Analyst
Marlowe Smith,user000346@example.com,500,386,u-64e9b68ed70d,Yes,2025-10-30,20,Cowork; Analyst; Researcher
Taylor Garcia,user000348@example.com,400,300,u-75115372b147,Yes,2026-01-21,21,Cowork; Analyst; Researcher
Jordan Davis,user000350@example.com,350,704,u-a30f9efe2f77,Yes,2025-11-17,39,Cowork; Work IQ; Researcher
Emerson Smith,user000351@example.com,500,346,u-1717c88b9532,Yes,2025-12-15,18,Cowork; Analyst
Casey Johnson,user000353@example.com,500,608,u-e65bd879e19d,Yes,2025-11-16,51,Cowork; Researcher
Taylor Moore,user000354@example.com,600,197,u-41fb6bb8df02,Yes,2025-12-31,13,Cowork; Researcher
Sage Harris,user000355@example.com,600,269,u-2ba6c75abaf9,No,2026-01-07,14,Cowork; Analyst
Skyler Thompson,user000356@example.com,400,362,u-65303404e760,Yes,2025-11-18,30,Cowork
Logan Hill,user000357@example.com,600,300,u-d8dbfb6df635,Yes,2025-11-09,21,Cowork; Researcher
Reese Hill,user000360@example.com,500,672,u-9164339531d8,Yes,2026-01-21,48,Cowork; Work IQ; Researcher
Drew Taylor,user000362@example.com,400,225,u-6ee7626df037,Yes,2025-12-31,15,Cowork; Analyst; Researcher
Morgan Anderson,user000363@example.com,400,460,u-4349f4757420,Yes,2025-11-17,24,Cowork
Hayden Martin,user000365@example.com,600,778,u-c510941cc02c,Yes,2025-12-21,43,Cowork
Cameron White,user000366@example.com,450,201,u-c90a19bf9b48,Yes,2026-01-17,11,Cowork; Analyst
Jamie Williams,user000367@example.com,500,455,u-0f451bd1edc9,Yes,2025-12-02,35,Cowork; Researcher
Sam Martin,user000369@example.com,350,250,u-a682e7f41e3e,Yes,2026-01-10,14,Cowork; Analyst; Researcher
Logan Martin,user000370@example.com,600,488,u-bc24d3767861,No,2025-12-22,27,Cowork; Work IQ
Skyler Garcia,user000371@example.com,600,404,u-d2c033457194,Yes,2025-12-06,27,Cowork; Analyst
Sutton Lopez,user000372@example.com,500,656,u-b010576bc257,Yes,2025-12-20,36,Cowork; Analyst; Researcher
Parker Davis,user000373@example.com,400,352,u-d2c81a149f96,Yes,2026-01-12,29,Cowork; Work IQ; Researcher
Blake Davis,user000374@example.com,450,510,u-e5dff3679e21,Yes,2025-12-14,32,Cowork; Researcher
Alex Chen,user000375@example.com,400,509,u-c4b1c6c7ce67,Yes,2026-01-15,30,Cowork
Blake Harris,user000377@example.com,450,298,u-512b4ab04196,Yes,2025-11-30,21,Cowork; Work IQ
Drew King,user000378@example.com,450,182,u-e393d767912f,Yes,2025-11-10,13,Cowork; Work IQ
Sloan Jackson,user000380@example.com,400,332,u-640aae248186,Yes,2026-01-22,21,Cowork; Work IQ; Researcher
Rowan Brown,user000382@example.com,600,200,u-57a7bc443405,Yes,2025-12-28,13,Cowork
Cameron Nguyen,user000383@example.com,400,710,u-dd32b16656c4,Yes,2025-12-16,59,Cowork; Work IQ; Researcher
Emerson Jackson,user000385@example.com,600,616,u-a83b6206a224,Yes,2025-12-12,51,Cowork
Riley Taylor,user000387@example.com,450,565,u-684d99146eff,Yes,2025-12-27,47,Cowork; Researcher
Devon Patel,user000388@example.com,600,248,u-0eb315117079,Yes,2025-11-05,13,Cowork; Work IQ; Researcher
Riley Hall,user000393@example.com,600,360,u-0f0dbab623fd,Yes,2026-01-07,22,Cowork; Work IQ; Researcher
Casey Williams,user000394@example.com,500,570,u-39d47ff820a0,Yes,2025-12-01,48,Cowork
Ellis Lee,user000398@example.com,400,587,u-d6c106e33181,Yes,2025-12-07,42,Cowork; Work IQ
Sage Allen,user000399@example.com,450,283,u-1cda00ff7f22,Yes,2026-01-21,15,Cowork; Analyst
Kendall Davis,user000400@example.com,350,484,u-190f1bb54c20,Yes,2026-01-08,35,Cowork; Researcher
Sloan Moore,user000401@example.com,600,297,u-2257b3404206,No,2026-01-13,23,Cowork; Researcher
Reese Garcia,user000402@example.com,500,234,u-6160177fb994,No,2025-12-31,14,Cowork; Analyst; Researcher
Devon Moore,user000404@example.com,350,275,u-ac95310316f1,Yes,2026-01-10,23,Cowork; Researcher
Drew Patel,user000405@example.com,350,649,u-1f3809cafdf0,Yes,2025-11-12,46,Cowork; Analyst
Rowan Allen,user000407@example.com,400,453,u-76e83c924904,Yes,2025-11-09,24,Cowork
Ellis Lopez,user000410@example.com,400,435,u-7220ebd43cb9,Yes,2025-12-06,31,Cowork
Marlowe Williams,user000411@example.com,600,181,u-ceb1abb62e43,Yes,2025-11-22,11,Cowork; Analyst
Emerson Thomas,user000413@example.com,350,823,u-d061587a8f2f,Yes,2026-01-17,48,Cowork; Analyst
Sloan Thomas,user000416@example.com,600,631,u-18f1510fbe84,Yes,2025-11-05,33,Cowork; Researcher
Ellis Lopez,user000417@example.com,600,262,u-1041b2ac9cc7,Yes,2026-01-01,22,Cowork
Jordan Chen,user000418@example.com,500,252,u-dbdcc9722d2f,Yes,2026-01-23,14,Cowork; Work IQ
Blake Miller,user000419@example.com,500,174,u-5bf7073a29a1,Yes,2025-11-11,10,Cowork; Work IQ; Researcher
Phoenix Hill,user000420@example.com,500,562,u-63d2b0dcade4,Yes,2025-11-01,43,Cowork
Casey Jackson,user000421@example.com,500,156,u-cf183b2b6413,No,2025-11-27,12,Cowork; Analyst; Researcher
Morgan Walker,user000423@example.com,350,431,u-1585f189959f,Yes,2025-12-19,36,Cowork; Analyst; Researcher
Morgan Davis,user000424@example.com,500,441,u-db0246fb8ce1,Yes,2025-11-20,29,Cowork; Researcher
Sloan White,user000425@example.com,350,239,u-e49f0f748042,No,2025-11-01,13,Cowork; Researcher
Phoenix Williams,user000430@example.com,600,504,u-be400f6367a3,Yes,2025-12-17,28,Cowork; Analyst
Taylor Nguyen,user000431@example.com,450,517,u-34abdf7c4ed6,Yes,2026-01-10,34,Cowork; Work IQ
Parker Patel,user000432@example.com,500,448,u-9c12a8b3badc,Yes,2025-11-20,34,Cowork; Work IQ
Cameron Hill,user000434@example.com,600,470,u-eaa9386cd413,Yes,2025-12-05,26,Cowork
Blake Thomas,user000435@example.com,400,337,u-fa19f9d366ee,Yes,2025-11-11,26,Cowork
Cameron Jones,user000436@example.com,600,394,u-21aa455d6444,Yes,2025-12-29,26,Cowork; Researcher
Avery Walker,user000438@example.com,600,564,u-9bc5619f49d0,Yes,2025-11-15,31,Cowork; Analyst; Researcher
Sage King,user000439@example.com,350,524,u-fea7c4b8df6b,Yes,2025-12-29,28,Cowork
Sloan Harris,user000441@example.com,350,188,u-d519926798b9,Yes,2025-12-28,14,Cowork; Researcher
Quinn White,user000442@example.com,400,336,u-82d41374dd12,Yes,2025-12-24,24,Cowork; Work IQ
Sam King,user000443@example.com,600,382,u-74ed47cc81a2,Yes,2025-11-18,24,Cowork; Work IQ; Researcher
Rowan Lopez,user000446@example.com,500,228,u-677ea2374a17,Yes,2025-12-10,13,Cowork
Jamie Hill,user000447@example.com,600,416,u-2a0a7582b157,Yes,2025-12-07,35,Cowork; Analyst
Jordan White,user000448@example.com,600,724,u-f000a2f266f0,Yes,2025-11-05,43,Cowork; Work IQ; Researcher
Morgan Thomas,user000449@example.com,600,428,u-7861868e6e9b,Yes,2025-11-18,27,Cowork; Work IQ; Researcher
Emerson Jackson,user000450@example.com,350,618,u-06595fed495e,Yes,2025-12-15,48,Cowork; Analyst; Researcher
Harper Harris,user000452@example.com,400,461,u-daeea306d06b,Yes,2025-11-01,35,Cowork; Analyst; Researcher
Parker King,user000453@example.com,450,585,u-8c4c0645f54e,Yes,2025-11-22,49,Cowork; Work IQ; Researcher
Blake Thomas,user000455@example.com,500,458,u-302e1706a9a7,Yes,2025-12-24,27,Cowork; Analyst
Sloan Garcia,user000456@example.com,600,95,u-659dd3659557,Yes,2025-11-04,6,Cowork; Work IQ
Sam Allen,user000457@example.com,600,138,u-7c7ed3f56fea,Yes,2025-11-22,12,Cowork
Marlowe Allen,user000459@example.com,450,539,u-c51958d34d7b,Yes,2025-12-11,45,Cowork; Researcher
Cameron Thomas,user000460@example.com,600,614,u-9983e8a04259,Yes,2025-11-09,51,Cowork
Sloan Hall,user000463@example.com,450,537,u-c5decf78fe88,Yes,2025-11-08,34,Cowork; Work IQ
Harper Smith,user000464@example.com,600,386,u-6b0a16225721,Yes,2025-12-18,26,Cowork
Skyler Davis,user000466@example.com,500,383,u-22c95cdade0f,Yes,2026-01-10,20,Cowork
Jordan White,user000467@example.com,500,334,u-dc5d772487d0,Yes,2025-11-27,20,Cowork; Work IQ; Researcher
Casey Nguyen,user000468@example.com,450,501,u-dafd7d16037e,Yes,2025-11-09,26,Cowork
Logan Garcia,user000470@example.com,600,384,u-911d93a97e8a,Yes,2026-01-16,20,Cowork; Work IQ
Ellis Miller,user000471@example.com,400,398,u-497d88c2f6b4,Yes,2025-12-19,21,Cowork
Phoenix Allen,user000472@example.com,600,523,u-bd83b46a529a,Yes,2025-12-10,33,Cowork; Work IQ
Logan Miller,user000473@example.com,600,193,u-187c4f2746a4,Yes,2026-01-23,11,Cowork; Researcher
Skyler Wilson,user000474@example.com,500,390,u-387c8767485d,Yes,2025-11-02,22,Cowork; Work IQ; Researcher
Harper Thompson,user000476@example.com,500,677,u-747bbaabcd36,Yes,2025-11-18,45,Cowork
Parker Anderson,user000477@example.com,350,477,u-7b9fd18e0a82,Yes,2025-12-03,25,Cowork
Sutton Nguyen,user000478@example.com,450,299,u-74cc582b502e,Yes,2025-11-17,17,Cowork; Work IQ; Researcher
Sam Young,user000479@example.com,500,388,u-d12fbabb6598,Yes,2025-12-29,26,Cowork; Work IQ
Ellis Smith,user000481@example.com,600,424,u-a31780d62e60,Yes,2025-12-30,35,Cowork; Researcher
Kendall Jackson,user000482@example.com,500,501,u-2c90377b28ef,Yes,2026-01-11,33,Cowork
Logan Davis,user000483@example.com,500,281,u-6f57cb938370,Yes,2025-12-14,19,Cowork; Analyst; Researcher
Casey Lee,user000484@example.com,500,153,u-b3744f8dd47a,No,2025-11-09,8,Cowork; Analyst; Researcher
Rowan Lee,user000485@example.com,500,512,u-79f426ca219e,Yes,2025-12-09,28,Cowork
Devon Thompson,user000486@example.com,450,232,u-0513d6f0f21c,Yes,2025-11-03,17,Cowork
Kendall Thomas,user000489@example.com,350,512,u-fa743ae64f1c,Yes,2025-11-12,32,Cowork
Sage Johnson,user000492@example.com,350,421,u-7fe9584912d7,Yes,2025-11-26,30,Cowork; Work IQ; Researcher
Emerson Jackson,user000493@example.com,500,623,u-893689d9fa47,No,2025-11-30,44,Cowork; Work IQ
Casey Martin,user000494@example.com,500,583,u-be9160e424c6,Yes,2026-01-05,45,Cowork; Work IQ
Marlowe Hall,user000495@example.com,500,414,u-2c91e9800bee,Yes,2026-01-21,32,Cowork; Analyst
Phoenix Lopez,user000496@example.com,600,619,u-89bb9dd7aaa2,Yes,2026-01-03,41,Cowork; Researcher
Alex Brown,user000497@example.com,450,724,u-d975235eb9e7,Yes,2026-01-11,40,Cowork; Analyst; Researcher
Blake Garcia,user000500@example.com,600,491,u-a5a4801bd011,Yes,2026-01-24,38,Cowork; Analyst; Researcher
Sloan Martin,user000501@example.com,450,644,u-77f1dbc62d76,Yes,2025-12-19,40,Cowork; Work IQ
Sloan Chen,user000502@example.com,600,281,u-2ef9e12a35a6,Yes,2026-01-07,16,Cowork; Work IQ
Rowan Chen,user000504@example.com,350,468,u-85517df2277c,No,2026-01-10,39,Cowork; Analyst; Researcher
Sutton Lopez,user000505@example.com,350,261,u-1eaf46dbf77d,Yes,2026-01-15,15,Cowork; Analyst; Researcher
Hayden Harris,user000506@example.com,600,341,u-028b9d62c785,Yes,2026-01-28,24,Cowork; Analyst
Blake Taylor,user000507@example.com,400,573,u-392b8cdc18cb,Yes,2026-01-14,30,Cowork; Researcher
Riley Johnson,user000508@example.com,600,671,u-967a8c1bcff3,Yes,2026-01-27,45,Cowork; Work IQ; Researcher
Finley Garcia,user000509@example.com,350,406,u-4c012b5ae7f3,Yes,2025-12-13,24,Cowork; Researcher
Avery Williams,user000510@example.com,450,439,u-3d2e9b632043,Yes,2025-12-09,34,Cowork
Alex King,user000513@example.com,600,343,u-d0657946bf7c,Yes,2025-12-28,26,Cowork
Taylor Thomas,user000514@example.com,500,260,u-b9aa10904499,Yes,2026-01-14,19,Cowork; Analyst
Logan Miller,user000515@example.com,600,502,u-ef8211cd0b02,Yes,2025-11-15,31,Cowork; Analyst; Researcher
Marlowe Young,user000519@example.com,600,351,u-0ca8919ff0cd,Yes,2026-01-12,23,Cowork; Analyst
Logan Jones,user000520@example.com,400,278,u-b26953222194,Yes,2025-12-16,23,Cowork
Drew Miller,user000521@example.com,350,548,u-98676507f0f5,Yes,2025-12-05,34,Cowork; Analyst
Drew Lee,user000522@example.com,400,250,u-65791b5347b2,No,2025-12-11,16,Cowork; Researcher
Rowan Patel,user000523@example.com,600,280,u-24480ebfb487,Yes,2025-11-22,15,Cowork; Researcher
Kendall Williams,user000524@example.com,450,461,u-fcdac8779d6d,No,2025-12-14,31,Cowork; Analyst; Researcher
Taylor Thomas,user000527@example.com,600,403,u-810fa6f75b80,Yes,2025-10-31,31,Cowork; Analyst; Researcher
Devon Walker,user000528@example.com,600,631,u-3d53d29c9f91,Yes,2025-11-15,42,Cowork; Analyst; Researcher
Reese Miller,user000530@example.com,400,426,u-8926ab9c8036,Yes,2025-11-09,25,Cowork
Quinn Jackson,user000531@example.com,450,566,u-b879143a0f2f,No,2025-10-29,47,Cowork; Work IQ
Emerson Thomas,user000532@example.com,400,401,u-83f4bc500419,Yes,2026-01-07,25,Cowork; Researcher
Taylor Wilson,user000533@example.com,400,130,u-e3f71b7b5f1e,Yes,2025-12-07,9,Cowork; Analyst; Researcher
Marlowe Patel,user000535@example.com,450,251,u-4c1559531ca1,Yes,2025-12-25,15,Cowork; Analyst; Researcher
Jordan Lopez,user000537@example.com,600,320,u-fe1b958fd4b8,Yes,2025-11-15,17,Cowork; Work IQ; Researcher
Sam Jones,user000538@example.com,600,201,u-db81adc4919b,Yes,2025-11-24,11,Cowork; Researcher
Rowan Hill,user000539@example.com,400,410,u-bdadf7a38674,Yes,2026-01-18,22,Cowork; Analyst; Researcher
Emerson White,user000540@example.com,350,359,u-1ffc049d6d85,Yes,2026-01-27,30,Cowork; Work IQ; Researcher
Logan Thomas,user000541@example.com,400,340,u-4c21d3119648,Yes,2026-01-07,18,Cowork; Researcher
Reese Harris,user000542@example.com,350,191,u-5c7df60f58d1,Yes,2025-11-18,15,Cowork
Cameron Lopez,user000543@example.com,600,318,u-45cf8146564a,No,2025-12-25,23,Cowork; Work IQ; Researcher
Morgan Chen,user000544@example.com,500,528,u-894a683756e4,Yes,2025-11-25,44,Cowork; Analyst
Riley Lee,user000545@example.com,500,399,u-cf6ea5601958,Yes,2025-11-13,31,Cowork; Work IQ; Researcher
Parker Hall,user000546@example.com,350,639,u-ec59f00d635e,Yes,2025-12-23,40,Cowork; Work IQ
Phoenix Martin,user000548@example.com,350,645,u-7a800250399e,Yes,2025-12-30,38,Cowork
Skyler Young,user000550@example.com,400,520,u-eb5dbc72dcea,Yes,2025-11-03,43,Cowork; Analyst; Researcher
Sloan Lopez,user000551@example.com,600,603,u-1ed387c7fefb,No,2025-11-01,34,Cowork
Sam Harris,user000552@example.com,500,528,u-097837fc9039,Yes,2025-12-02,44,Cowork
Jordan Thomas,user000553@example.com,350,427,u-04d2123207ee,Yes,2025-11-18,28,Cowork
Ellis Garcia,user000554@example.com,600,565,u-6dbeb9656a26,No,2026-01-20,40,Cowork; Work IQ
Alex Patel,user000555@example.com,400,509,u-00e625917711,Yes,2025-11-08,30,Cowork
Avery Thomas,user000557@example.com,450,284,u-f6a2f402806c,Yes,2025-12-19,18,Cowork; Work IQ; Researcher
Logan Johnson,user000559@example.com,400,383,u-821e7731c4d8,Yes,2025-12-13,24,Cowork; Analyst; Researcher
Jamie Brown,user000561@example.com,500,602,u-82c1906d8239,No,2026-01-28,40,Cowork; Researcher
Jamie Johnson,user000563@example.com,600,597,u-3653b466b654,Yes,2025-11-14,31,Cowork; Analyst; Researcher
Quinn Smith,user000564@example.com,450,357,u-cc6953992417,Yes,2026-01-10,21,Cowork; Researcher
Hayden Patel,user000565@example.com,600,566,u-51cc2119a4a8,Yes,2026-01-17,31,Cowork; Work IQ; Researcher
Hayden Miller,user000566@example.com,400,212,u-09282ebaf510,No,2025-12-11,15,Cowork; Work IQ
Harper Lee,user000567@example.com,600,369,u-cbd3d632dca6,Yes,2025-10-29,22,Cowork
Jamie Davis,user000568@example.com,450,478,u-6b0d1c362a2a,Yes,2025-11-13,25,Cowork
